enrichment_type,subtype,retrieval_method,strategy,metric,mean,median,std,min,max,count
question_types,How-To,elser,lastturn,R@1,0.17520833333,0.0,0.2548129364034856,0.0,1.0,80
question_types,How-To,elser,lastturn,R@3,0.38220238095125,0.3333333333,0.3870023246048559,0.0,1.0,80
question_types,How-To,elser,lastturn,R@5,0.44199404762125,0.36666666665000003,0.4029216122540448,0.0,1.0,80
question_types,How-To,elser,lastturn,R@10,0.5669940476212499,0.6666666667,0.41000832457843345,0.0,1.0,80
question_types,How-To,elser,lastturn,nDCG@1,0.4,0.0,0.49298881801065664,0.0,1.0,80
question_types,How-To,elser,lastturn,nDCG@3,0.40129309741624997,0.296081911,0.3904854746814915,0.0,1.0,80
question_types,How-To,elser,lastturn,nDCG@5,0.41512814692,0.3886164286,0.37891819342494865,0.0,1.0,80
question_types,How-To,elser,lastturn,nDCG@10,0.469307714125,0.469278726,0.3718147043938913,0.0,1.0,80
question_types,How-To,elser,rewrite,R@1,0.19145833332875,0.0,0.2685193258201503,0.0,1.0,80
question_types,How-To,elser,rewrite,R@3,0.40699404761875,0.3333333333,0.39551348528450936,0.0,1.0,80
question_types,How-To,elser,rewrite,R@5,0.46845238095499997,0.5,0.40768182340103754,0.0,1.0,80
question_types,How-To,elser,rewrite,R@10,0.619077380955,0.6666666667,0.3954848452613558,0.0,1.0,80
question_types,How-To,elser,rewrite,nDCG@1,0.425,0.0,0.4974619125424375,0.0,1.0,80
question_types,How-To,elser,rewrite,nDCG@3,0.4239485104425,0.3414673591,0.39799089074383637,0.0,1.0,80
question_types,How-To,elser,rewrite,nDCG@5,0.4410697576425,0.4337116338,0.38566561483266387,0.0,1.0,80
question_types,How-To,elser,rewrite,nDCG@10,0.50617513851625,0.5035299665,0.3647583628163317,0.0,1.0,80
question_types,How-To,elser,questions,R@1,0.10458333333125,0.0,0.21741957789957136,0.0,1.0,80
question_types,How-To,elser,questions,R@3,0.239791666665,0.0,0.3555912031082241,0.0,1.0,80
question_types,How-To,elser,questions,R@5,0.311041666665,0.0,0.40702294476778,0.0,1.0,80
question_types,How-To,elser,questions,R@10,0.39375000000125,0.225,0.4351259174034457,0.0,1.0,80
question_types,How-To,elser,questions,nDCG@1,0.2375,0.0,0.4282360049661484,0.0,1.0,80
question_types,How-To,elser,questions,nDCG@3,0.2467567164075,0.0,0.365949448654409,0.0,1.0,80
question_types,How-To,elser,questions,nDCG@5,0.27546242077,0.0,0.37454014419084697,0.0,1.0,80
question_types,How-To,elser,questions,nDCG@10,0.3093337355325,0.116828222,0.37384707831212155,0.0,1.0,80
question_types,How-To,bm25,lastturn,R@1,0.07375,0.0,0.2038789628794055,0.0,1.0,80
question_types,How-To,bm25,lastturn,R@3,0.17083333333125,0.0,0.3114041968872237,0.0,1.0,80
question_types,How-To,bm25,lastturn,R@5,0.2264583333325,0.0,0.348027329605826,0.0,1.0,80
question_types,How-To,bm25,lastturn,R@10,0.27125000000125,0.0,0.3717425326081833,0.0,1.0,80
question_types,How-To,bm25,lastturn,nDCG@1,0.15,0.0,0.3593242603145979,0.0,1.0,80
question_types,How-To,bm25,lastturn,nDCG@3,0.17415448978,0.0,0.32049826845949636,0.0,1.0,80
question_types,How-To,bm25,lastturn,nDCG@5,0.1916348348325,0.0,0.3136307041309197,0.0,1.0,80
question_types,How-To,bm25,lastturn,nDCG@10,0.2101246046125,0.0,0.31694372630271955,0.0,1.0,80
question_types,How-To,bm25,rewrite,R@1,0.080625,0.0,0.20962164949060424,0.0,1.0,80
question_types,How-To,bm25,rewrite,R@3,0.19249999999875,0.0,0.3305038135110603,0.0,1.0,80
question_types,How-To,bm25,rewrite,R@5,0.2418749999975,0.0,0.34802025732335345,0.0,1.0,80
question_types,How-To,bm25,rewrite,R@10,0.33291666666749997,0.225,0.3779243686403895,0.0,1.0,80
question_types,How-To,bm25,rewrite,nDCG@1,0.1625,0.0,0.3712363878934856,0.0,1.0,80
question_types,How-To,bm25,rewrite,nDCG@3,0.191254691585,0.0,0.32810011076311124,0.0,1.0,80
question_types,How-To,bm25,rewrite,nDCG@5,0.20881640389625,0.0,0.3178398740700493,0.0,1.0,80
question_types,How-To,bm25,rewrite,nDCG@10,0.244396271345,0.11518062305,0.3141483620246137,0.0,1.0,80
question_types,How-To,bm25,questions,R@1,0.0545833333325,0.0,0.16060659888552947,0.0,1.0,80
question_types,How-To,bm25,questions,R@3,0.1277083333325,0.0,0.28263059724778117,0.0,1.0,80
question_types,How-To,bm25,questions,R@5,0.172916666665,0.0,0.3358907694491563,0.0,1.0,80
question_types,How-To,bm25,questions,R@10,0.23104166666625,0.0,0.3664435814458965,0.0,1.0,80
question_types,How-To,bm25,questions,nDCG@1,0.1375,0.0,0.34654716375821165,0.0,1.0,80
question_types,How-To,bm25,questions,nDCG@3,0.1395606479675,0.0,0.3040299280869444,0.0,1.0,80
question_types,How-To,bm25,questions,nDCG@5,0.15098120634875,0.0,0.30036329069351203,0.0,1.0,80
question_types,How-To,bm25,questions,nDCG@10,0.17549118469875,0.0,0.30565835137533776,0.0,1.0,80
question_types,How-To,bge,lastturn,R@1,0.13041666666374999,0.0,0.22292605662323584,0.0,1.0,80
question_types,How-To,bge,lastturn,R@3,0.2743749999975,0.0,0.37606804070268646,0.0,1.0,80
question_types,How-To,bge,lastturn,R@5,0.356785714285,0.225,0.39415654469879036,0.0,1.0,80
question_types,How-To,bge,lastturn,R@10,0.47282738095,0.36666666665000003,0.4192516377152704,0.0,1.0,80
question_types,How-To,bge,lastturn,nDCG@1,0.325,0.0,0.4713299255661338,0.0,1.0,80
question_types,How-To,bge,lastturn,nDCG@3,0.29321367243625,0.0,0.37881945603450834,0.0,1.0,80
question_types,How-To,bge,lastturn,nDCG@5,0.31961277971125,0.2080468056,0.3577392108744064,0.0,1.0,80
question_types,How-To,bge,lastturn,nDCG@10,0.36859799595875,0.30608278545,0.35737834120093,0.0,1.0,80
question_types,How-To,bge,rewrite,R@1,0.16958333333,0.0,0.26522255336168793,0.0,1.0,80
question_types,How-To,bge,rewrite,R@3,0.30083333333,0.1,0.3746719146145141,0.0,1.0,80
question_types,How-To,bge,rewrite,R@5,0.37874999999875,0.29166666664999996,0.3909217262613129,0.0,1.0,80
question_types,How-To,bge,rewrite,R@10,0.498660714285,0.5,0.39778601017191134,0.0,1.0,80
question_types,How-To,bge,rewrite,nDCG@1,0.375,0.0,0.4871773518462232,0.0,1.0,80
question_types,How-To,bge,rewrite,nDCG@3,0.32233872237375,0.1173196815,0.38129521194882077,0.0,1.0,80
question_types,How-To,bge,rewrite,nDCG@5,0.35248310696125,0.26663981189999997,0.3722510636063144,0.0,1.0,80
question_types,How-To,bge,rewrite,nDCG@10,0.4046081183325,0.31508014669999995,0.3644899742061632,0.0,1.0,80
question_types,How-To,bge,questions,R@1,0.06291666666625,0.0,0.1580465980162102,0.0,0.5,80
question_types,How-To,bge,questions,R@3,0.16895833333125,0.0,0.3317445655174494,0.0,1.0,80
question_types,How-To,bge,questions,R@5,0.22104166666375,0.0,0.37196728443287347,0.0,1.0,80
question_types,How-To,bge,questions,R@10,0.2812499999975,0.0,0.39474728870697573,0.0,1.0,80
question_types,How-To,bge,questions,nDCG@1,0.15,0.0,0.3593242603145979,0.0,1.0,80
question_types,How-To,bge,questions,nDCG@3,0.1677333335875,0.0,0.328457098080438,0.0,1.0,80
question_types,How-To,bge,questions,nDCG@5,0.1864204886675,0.0,0.32383457735139304,0.0,1.0,80
question_types,How-To,bge,questions,nDCG@10,0.21316119513625,0.0,0.33019184536989765,0.0,1.0,80
question_types,Explanation,elser,lastturn,R@1,0.18614864864391892,0.0,0.2788147662821796,0.0,1.0,148
question_types,Explanation,elser,lastturn,R@3,0.3684684684675676,0.3333333333,0.36095392603237597,0.0,1.0,148
question_types,Explanation,elser,lastturn,R@5,0.45051480051621623,0.5,0.3894937094057594,0.0,1.0,148
question_types,Explanation,elser,lastturn,R@10,0.5747908622918919,0.6666666667,0.4109379356678459,0.0,1.0,148
question_types,Explanation,elser,lastturn,nDCG@1,0.3918918918918919,0.0,0.48983039040302795,0.0,1.0,148
question_types,Explanation,elser,lastturn,nDCG@3,0.37684896722364863,0.3065735964,0.3657496979928607,0.0,1.0,148
question_types,Explanation,elser,lastturn,nDCG@5,0.41055530618513514,0.3868528072,0.36497144817331983,0.0,1.0,148
question_types,Explanation,elser,lastturn,nDCG@10,0.4657252737168919,0.45594309265,0.363227486047233,0.0,1.0,148
question_types,Explanation,elser,rewrite,R@1,0.1874999999945946,0.0,0.253895388849696,0.0,1.0,148
question_types,Explanation,elser,rewrite,R@3,0.39387065636891894,0.3333333333,0.3562767915220731,0.0,1.0,148
question_types,Explanation,elser,rewrite,R@5,0.49161840411959457,0.5,0.3660238486623721,0.0,1.0,148
question_types,Explanation,elser,rewrite,R@10,0.6159588159608108,0.6666666667,0.3670841274003349,0.0,1.0,148
question_types,Explanation,elser,rewrite,nDCG@1,0.4391891891891892,0.0,0.49797346255211317,0.0,1.0,148
question_types,Explanation,elser,rewrite,nDCG@3,0.41135197568986487,0.3868528072,0.356608547973848,0.0,1.0,148
question_types,Explanation,elser,rewrite,nDCG@5,0.44988677775945946,0.469278726,0.34396240123940075,0.0,1.0,148
question_types,Explanation,elser,rewrite,nDCG@10,0.5051120983966216,0.5306911296500001,0.3372645588417516,0.0,1.0,148
question_types,Explanation,elser,questions,R@1,0.10236486486283784,0.0,0.2196421377790576,0.0,1.0,148
question_types,Explanation,elser,questions,R@3,0.19538288288243244,0.0,0.3236450384409684,0.0,1.0,148
question_types,Explanation,elser,questions,R@5,0.23581081081081082,0.0,0.3489015527612584,0.0,1.0,148
question_types,Explanation,elser,questions,R@10,0.3405405405412162,0.0,0.40194708534862567,0.0,1.0,148
question_types,Explanation,elser,questions,nDCG@1,0.22297297297297297,0.0,0.41765373064340394,0.0,1.0,148
question_types,Explanation,elser,questions,nDCG@3,0.20558216833243242,0.0,0.3364593223547793,0.0,1.0,148
question_types,Explanation,elser,questions,nDCG@5,0.21998738559662162,0.0,0.33927785501951496,0.0,1.0,148
question_types,Explanation,elser,questions,nDCG@10,0.26451722727567567,0.0,0.3492174395616873,0.0,1.0,148
question_types,Explanation,bm25,lastturn,R@1,0.04493243243040541,0.0,0.11934342271464661,0.0,0.5,148
question_types,Explanation,bm25,lastturn,R@3,0.1606981981972973,0.0,0.27521042684661406,0.0,1.0,148
question_types,Explanation,bm25,lastturn,R@5,0.2058558558554054,0.0,0.3036616104153418,0.0,1.0,148
question_types,Explanation,bm25,lastturn,R@10,0.3165057915054054,0.0,0.38373916532141855,0.0,1.0,148
question_types,Explanation,bm25,lastturn,nDCG@1,0.13513513513513514,0.0,0.3430287001072367,0.0,1.0,148
question_types,Explanation,bm25,lastturn,nDCG@3,0.15682308134189188,0.0,0.26724590297375656,0.0,1.0,148
question_types,Explanation,bm25,lastturn,nDCG@5,0.17504628065,0.0,0.2669860150375283,0.0,1.0,148
question_types,Explanation,bm25,lastturn,nDCG@10,0.22112181576148648,0.0,0.28466026769324343,0.0,1.0,148
question_types,Explanation,bm25,rewrite,R@1,0.04605855855675676,0.0,0.12281901534329623,0.0,0.5,148
question_types,Explanation,bm25,rewrite,R@3,0.16914414414324325,0.0,0.2782922550722622,0.0,1.0,148
question_types,Explanation,bm25,rewrite,R@5,0.2356981981972973,0.0,0.3136959963701411,0.0,1.0,148
question_types,Explanation,bm25,rewrite,R@10,0.3559202059195946,0.3333333333,0.379194344676549,0.0,1.0,148
question_types,Explanation,bm25,rewrite,nDCG@1,0.13513513513513514,0.0,0.3430287001072367,0.0,1.0,148
question_types,Explanation,bm25,rewrite,nDCG@3,0.16493663533513514,0.0,0.2749150037901276,0.0,1.0,148
question_types,Explanation,bm25,rewrite,nDCG@5,0.19111014539797297,0.0,0.2660563230461747,0.0,1.0,148
question_types,Explanation,bm25,rewrite,nDCG@10,0.24042196016283784,0.1772392868,0.2765917756426205,0.0,1.0,148
question_types,Explanation,bm25,questions,R@1,0.044594594592567566,0.0,0.11519506306451816,0.0,0.5,148
question_types,Explanation,bm25,questions,R@3,0.14245495495472973,0.0,0.2675109541328925,0.0,1.0,148
question_types,Explanation,bm25,questions,R@5,0.18907657657635135,0.0,0.29912136916767706,0.0,1.0,148
question_types,Explanation,bm25,questions,R@10,0.2461229086222973,0.0,0.34578587513642367,0.0,1.0,148
question_types,Explanation,bm25,questions,nDCG@1,0.14189189189189189,0.0,0.350124081700863,0.0,1.0,148
question_types,Explanation,bm25,questions,nDCG@3,0.1440552525662162,0.0,0.26247697794399716,0.0,1.0,148
question_types,Explanation,bm25,questions,nDCG@5,0.16117273914121621,0.0,0.2612137566244635,0.0,1.0,148
question_types,Explanation,bm25,questions,nDCG@10,0.18511395999324323,0.0,0.2736513841920535,0.0,1.0,148
question_types,Explanation,bge,lastturn,R@1,0.13637387387027028,0.0,0.2398667206915724,0.0,1.0,148
question_types,Explanation,bge,lastturn,R@3,0.2774774774756757,0.0,0.3444839319689297,0.0,1.0,148
question_types,Explanation,bge,lastturn,R@5,0.33018018017837836,0.3333333333,0.35124415167877515,0.0,1.0,148
question_types,Explanation,bge,lastturn,R@10,0.45,0.5,0.38758609118779963,0.0,1.0,148
question_types,Explanation,bge,lastturn,nDCG@1,0.30405405405405406,0.0,0.461567630288771,0.0,1.0,148
question_types,Explanation,bge,lastturn,nDCG@3,0.2865923596466216,0.0,0.34817014429583515,0.0,1.0,148
question_types,Explanation,bge,lastturn,nDCG@5,0.30683313579189186,0.234639363,0.3365811724193995,0.0,1.0,148
question_types,Explanation,bge,lastturn,nDCG@10,0.35785047899256756,0.2800750168,0.34091994976040135,0.0,1.0,148
question_types,Explanation,bge,rewrite,R@1,0.16024774774324324,0.0,0.2527963311939661,0.0,1.0,148
question_types,Explanation,bge,rewrite,R@3,0.3083333333324324,0.25,0.3488643707920284,0.0,1.0,148
question_types,Explanation,bge,rewrite,R@5,0.3859234234222973,0.3333333333,0.35420331456856563,0.0,1.0,148
question_types,Explanation,bge,rewrite,R@10,0.5078828828824324,0.5,0.3886496475629732,0.0,1.0,148
question_types,Explanation,bge,rewrite,nDCG@1,0.3581081081081081,0.0,0.4810721463583592,0.0,1.0,148
question_types,Explanation,bge,rewrite,nDCG@3,0.32457338566216215,0.234639363,0.35257997661574797,0.0,1.0,148
question_types,Explanation,bge,rewrite,nDCG@5,0.3560333980209459,0.296081911,0.33852802881074257,0.0,1.0,148
question_types,Explanation,bge,rewrite,nDCG@10,0.4098478573114865,0.3868528072,0.3404309351638732,0.0,1.0,148
question_types,Explanation,bge,questions,R@1,0.07308558558445946,0.0,0.17068316389065366,0.0,1.0,148
question_types,Explanation,bge,questions,R@3,0.1411036036027027,0.0,0.2611129121900174,0.0,1.0,148
question_types,Explanation,bge,questions,R@5,0.20056306306081081,0.0,0.3000215130891969,0.0,1.0,148
question_types,Explanation,bge,questions,R@10,0.26531531531486485,0.0,0.36647858252618953,0.0,1.0,148
question_types,Explanation,bge,questions,nDCG@1,0.18243243243243243,0.0,0.3875118986483422,0.0,1.0,148
question_types,Explanation,bge,questions,nDCG@3,0.15227608836554055,0.0,0.2719920430052172,0.0,1.0,148
question_types,Explanation,bge,questions,nDCG@5,0.1780153134216216,0.0,0.2735732019991961,0.0,1.0,148
question_types,Explanation,bge,questions,nDCG@10,0.20708781751081082,0.0,0.29608204020862394,0.0,1.0,148
question_types,Opinion,elser,lastturn,R@1,0.1560416666625,0.0,0.24699663967841326,0.0,1.0,80
question_types,Opinion,elser,lastturn,R@3,0.31333333332875,0.3333333333,0.32225689711154454,0.0,1.0,80
question_types,Opinion,elser,lastturn,R@5,0.4079166666675,0.45,0.3659657185791044,0.0,1.0,80
question_types,Opinion,elser,lastturn,R@10,0.48645833333375,0.5,0.409719242403958,0.0,1.0,80
question_types,Opinion,elser,lastturn,nDCG@1,0.3625,0.0,0.48375509024895247,0.0,1.0,80
question_types,Opinion,elser,lastturn,nDCG@3,0.34688521737625,0.296081911,0.3528993395474696,0.0,1.0,80
question_types,Opinion,elser,lastturn,nDCG@5,0.3810927349125,0.3013277537,0.3549572147079724,0.0,1.0,80
question_types,Opinion,elser,lastturn,nDCG@10,0.41719474161375,0.3852509731,0.3686772860186505,0.0,1.0,80
question_types,Opinion,elser,rewrite,R@1,0.18729166666125,0.0,0.2588822091998019,0.0,1.0,80
question_types,Opinion,elser,rewrite,R@3,0.346249999995,0.3333333333,0.33353343150330506,0.0,1.0,80
question_types,Opinion,elser,rewrite,R@5,0.4621875,0.5,0.3645820675114373,0.0,1.0,80
question_types,Opinion,elser,rewrite,R@10,0.577708333335,0.63333333335,0.3834566280359338,0.0,1.0,80
question_types,Opinion,elser,rewrite,nDCG@1,0.45,0.0,0.5006325113218328,0.0,1.0,80
question_types,Opinion,elser,rewrite,nDCG@3,0.3945411117025,0.42806576659999995,0.3495562084930876,0.0,1.0,80
question_types,Opinion,elser,rewrite,nDCG@5,0.438744656135,0.469278726,0.3427739146803862,0.0,1.0,80
question_types,Opinion,elser,rewrite,nDCG@10,0.48886759982375,0.54174430975,0.33890044092484006,0.0,1.0,80
question_types,Opinion,elser,questions,R@1,0.09937499999624999,0.0,0.21235475303713738,0.0,1.0,80
question_types,Opinion,elser,questions,R@3,0.1899999999975,0.0,0.32422795890977085,0.0,1.0,80
question_types,Opinion,elser,questions,R@5,0.25250000000125,0.0,0.38398037485203934,0.0,1.0,80
question_types,Opinion,elser,questions,R@10,0.312395833335,0.0,0.4038927880412279,0.0,1.0,80
question_types,Opinion,elser,questions,nDCG@1,0.225,0.0,0.42021694216322675,0.0,1.0,80
question_types,Opinion,elser,questions,nDCG@3,0.197682728175,0.0,0.32175047341216834,0.0,1.0,80
question_types,Opinion,elser,questions,nDCG@5,0.22786653534375,0.0,0.34632102523835906,0.0,1.0,80
question_types,Opinion,elser,questions,nDCG@10,0.2534047574125,0.0,0.34645997744340806,0.0,1.0,80
question_types,Opinion,bm25,lastturn,R@1,0.09687499999875,0.0,0.2152108466327912,0.0,1.0,80
question_types,Opinion,bm25,lastturn,R@3,0.14416666666375,0.0,0.2659021213049914,0.0,1.0,80
question_types,Opinion,bm25,lastturn,R@5,0.2039583333325,0.0,0.3197797649975548,0.0,1.0,80
question_types,Opinion,bm25,lastturn,R@10,0.251875,0.0,0.354258737103356,0.0,1.0,80
question_types,Opinion,bm25,lastturn,nDCG@1,0.2125,0.0,0.4116576554814154,0.0,1.0,80
question_types,Opinion,bm25,lastturn,nDCG@3,0.16383310754375,0.0,0.2828890429421407,0.0,1.0,80
question_types,Opinion,bm25,lastturn,nDCG@5,0.18996648241625,0.0,0.29447627792744413,0.0,1.0,80
question_types,Opinion,bm25,lastturn,nDCG@10,0.20967167574875,0.0,0.30431874370758,0.0,1.0,80
question_types,Opinion,bm25,rewrite,R@1,0.1218749999975,0.0,0.240115328446953,0.0,1.0,80
question_types,Opinion,bm25,rewrite,R@3,0.18895833333,0.0,0.3002336613473873,0.0,1.0,80
question_types,Opinion,bm25,rewrite,R@5,0.24249999999875,0.0,0.340904521984079,0.0,1.0,80
question_types,Opinion,bm25,rewrite,R@10,0.29458333333375,0.0,0.3792042801415483,0.0,1.0,80
question_types,Opinion,bm25,rewrite,nDCG@1,0.2625,0.0,0.4427689056352855,0.0,1.0,80
question_types,Opinion,bm25,rewrite,nDCG@3,0.20921972946375,0.0,0.3076966448558056,0.0,1.0,80
question_types,Opinion,bm25,rewrite,nDCG@5,0.23083333870625,0.0,0.3158896488284197,0.0,1.0,80
question_types,Opinion,bm25,rewrite,nDCG@10,0.25258470075875,0.0,0.3276010886586448,0.0,1.0,80
question_types,Opinion,bm25,questions,R@1,0.05312499999875,0.0,0.14047572753781828,0.0,0.5,80
question_types,Opinion,bm25,questions,R@3,0.11354166666625,0.0,0.2456526905498033,0.0,1.0,80
question_types,Opinion,bm25,questions,R@5,0.157291666665,0.0,0.2818943821472591,0.0,1.0,80
question_types,Opinion,bm25,questions,R@10,0.21510416666499999,0.0,0.31700818179424867,0.0,1.0,80
question_types,Opinion,bm25,questions,nDCG@1,0.1375,0.0,0.34654716375821165,0.0,1.0,80
question_types,Opinion,bm25,questions,nDCG@3,0.12044028962,0.0,0.2524468819885174,0.0,1.0,80
question_types,Opinion,bm25,questions,nDCG@5,0.143200916375,0.0,0.26318664200967457,0.0,1.0,80
question_types,Opinion,bm25,questions,nDCG@10,0.1664728595525,0.0,0.26916399715620554,0.0,1.0,80
question_types,Opinion,bge,lastturn,R@1,0.12958333333,0.0,0.22429723033769663,0.0,1.0,80
question_types,Opinion,bge,lastturn,R@3,0.24604166666375,0.0,0.31411075731782173,0.0,1.0,80
question_types,Opinion,bge,lastturn,R@5,0.30687499999875,0.25,0.3483201979049862,0.0,1.0,80
question_types,Opinion,bge,lastturn,R@10,0.4097916666675,0.3333333333,0.3862409790324919,0.0,1.0,80
question_types,Opinion,bge,lastturn,nDCG@1,0.3125,0.0,0.4664368029425214,0.0,1.0,80
question_types,Opinion,bge,lastturn,nDCG@3,0.27290611908375,0.0,0.32260487670403654,0.0,1.0,80
question_types,Opinion,bge,lastturn,nDCG@5,0.2941164745725,0.234639363,0.32689239430921546,0.0,1.0,80
question_types,Opinion,bge,lastturn,nDCG@10,0.339672769515,0.296081911,0.3351202023317289,0.0,1.0,80
question_types,Opinion,bge,rewrite,R@1,0.13999999999624999,0.0,0.2382926848545972,0.0,1.0,80
question_types,Opinion,bge,rewrite,R@3,0.30229166666375,0.25,0.3366265981726414,0.0,1.0,80
question_types,Opinion,bge,rewrite,R@5,0.35843749999625,0.3333333333,0.34617533988885857,0.0,1.0,80
question_types,Opinion,bge,rewrite,R@10,0.45604166666625,0.5,0.3699055620374799,0.0,1.0,80
question_types,Opinion,bge,rewrite,nDCG@1,0.3375,0.0,0.47584036255125667,0.0,1.0,80
question_types,Opinion,bge,rewrite,nDCG@3,0.32056201340875,0.296081911,0.3336624133631629,0.0,1.0,80
question_types,Opinion,bge,rewrite,nDCG@5,0.338485147965,0.296081911,0.3251390605849253,0.0,1.0,80
question_types,Opinion,bge,rewrite,nDCG@10,0.3825079876375,0.38235416135,0.32589093110400236,0.0,1.0,80
question_types,Opinion,bge,questions,R@1,0.08437499999624999,0.0,0.20260858160473197,0.0,1.0,80
question_types,Opinion,bge,questions,R@3,0.151041666665,0.0,0.3009285179672524,0.0,1.0,80
question_types,Opinion,bge,questions,R@5,0.22072916666625,0.0,0.3622407258210552,0.0,1.0,80
question_types,Opinion,bge,questions,R@10,0.297291666665,0.0,0.4039837116908948,0.0,1.0,80
question_types,Opinion,bge,questions,nDCG@1,0.1875,0.0,0.39277493797177815,0.0,1.0,80
question_types,Opinion,bge,questions,nDCG@3,0.1584592056075,0.0,0.30402544210872784,0.0,1.0,80
question_types,Opinion,bge,questions,nDCG@5,0.196398562905,0.0,0.32921284979664933,0.0,1.0,80
question_types,Opinion,bge,questions,nDCG@10,0.225672189485,0.0,0.3280970075699881,0.0,1.0,80
question_types,Summarization,elser,lastturn,R@1,0.14661458333177083,0.0,0.22665934608698926,0.0,1.0,192
question_types,Summarization,elser,lastturn,R@3,0.3253968253958333,0.3333333333,0.33141479915145644,0.0,1.0,192
question_types,Summarization,elser,lastturn,R@5,0.41610863095260414,0.5,0.37312588258571666,0.0,1.0,192
question_types,Summarization,elser,lastturn,R@10,0.5296502976203125,0.5,0.40341856873307896,0.0,1.0,192
question_types,Summarization,elser,lastturn,nDCG@1,0.3645833333333333,0.0,0.4825714642932042,0.0,1.0,192
question_types,Summarization,elser,lastturn,nDCG@3,0.36336035173385417,0.296081911,0.3599155685460584,0.0,1.0,192
question_types,Summarization,elser,lastturn,nDCG@5,0.38846309653333333,0.3868528072,0.352873146057184,0.0,1.0,192
question_types,Summarization,elser,lastturn,nDCG@10,0.43747184681875,0.4306765581,0.3585128447290897,0.0,1.0,192
question_types,Summarization,elser,rewrite,R@1,0.175434027775,0.0,0.23694496637311874,0.0,1.0,192
question_types,Summarization,elser,rewrite,R@3,0.34853670634791667,0.3333333333,0.3453831175736669,0.0,1.0,192
question_types,Summarization,elser,rewrite,R@5,0.45478670634895835,0.5,0.3702651191785456,0.0,1.0,192
question_types,Summarization,elser,rewrite,R@10,0.5872643849223959,0.6666666667,0.38816668455612025,0.0,1.0,192
question_types,Summarization,elser,rewrite,nDCG@1,0.4375,0.0,0.49737530995504753,0.0,1.0,192
question_types,Summarization,elser,rewrite,nDCG@3,0.3976701075489583,0.3868528072,0.3729649709886229,0.0,1.0,192
question_types,Summarization,elser,rewrite,nDCG@5,0.42856057270364584,0.4306765581,0.3505235176470586,0.0,1.0,192
question_types,Summarization,elser,rewrite,nDCG@10,0.4870375437140625,0.48373399175,0.3501538485455999,0.0,1.0,192
question_types,Summarization,elser,questions,R@1,0.1022569444421875,0.0,0.20160957597644258,0.0,1.0,192
question_types,Summarization,elser,questions,R@3,0.19149305555416665,0.0,0.3114733961479881,0.0,1.0,192
question_types,Summarization,elser,questions,R@5,0.2585069444442708,0.0,0.3672650582197199,0.0,1.0,192
question_types,Summarization,elser,questions,R@10,0.32491319444531247,0.0,0.39824731411515774,0.0,1.0,192
question_types,Summarization,elser,questions,nDCG@1,0.25,0.0,0.434144763175453,0.0,1.0,192
question_types,Summarization,elser,questions,nDCG@3,0.21531920815833333,0.0,0.33639051448933405,0.0,1.0,192
question_types,Summarization,elser,questions,nDCG@5,0.240289245165625,0.0,0.34472664387575985,0.0,1.0,192
question_types,Summarization,elser,questions,nDCG@10,0.26953115513385417,0.0,0.3515721941540574,0.0,1.0,192
question_types,Summarization,bm25,lastturn,R@1,0.07517361110989583,0.0,0.19115847784114207,0.0,1.0,192
question_types,Summarization,bm25,lastturn,R@3,0.14149305555364583,0.0,0.26542572070989867,0.0,1.0,192
question_types,Summarization,bm25,lastturn,R@5,0.18697916666614584,0.0,0.30065570309513173,0.0,1.0,192
question_types,Summarization,bm25,lastturn,R@10,0.30581597222135415,0.0,0.38072299601912696,0.0,1.0,192
question_types,Summarization,bm25,lastturn,nDCG@1,0.17708333333333334,0.0,0.38273722525397685,0.0,1.0,192
question_types,Summarization,bm25,lastturn,nDCG@3,0.1623392981953125,0.0,0.29081660619164695,0.0,1.0,192
question_types,Summarization,bm25,lastturn,nDCG@5,0.17595004289947916,0.0,0.29172370782694923,0.0,1.0,192
question_types,Summarization,bm25,lastturn,nDCG@10,0.22394988128124999,0.0,0.30774157774885535,0.0,1.0,192
question_types,Summarization,bm25,rewrite,R@1,0.09184027777552083,0.0,0.19851096056076897,0.0,1.0,192
question_types,Summarization,bm25,rewrite,R@3,0.1658854166640625,0.0,0.2723664904606014,0.0,1.0,192
question_types,Summarization,bm25,rewrite,R@5,0.21571180555364583,0.0,0.3035766284330335,0.0,1.0,192
question_types,Summarization,bm25,rewrite,R@10,0.3341145833307292,0.25,0.38154522276932784,0.0,1.0,192
question_types,Summarization,bm25,rewrite,nDCG@1,0.22916666666666666,0.0,0.4213955042826969,0.0,1.0,192
question_types,Summarization,bm25,rewrite,nDCG@3,0.19236388930677084,0.0,0.3020544294067836,0.0,1.0,192
question_types,Summarization,bm25,rewrite,nDCG@5,0.20839156581093748,0.0,0.299752236472679,0.0,1.0,192
question_types,Summarization,bm25,rewrite,nDCG@10,0.25709112855,0.12033364960000001,0.31367347479654417,0.0,1.0,192
question_types,Summarization,bm25,questions,R@1,0.06154513888802083,0.0,0.15417813877008663,0.0,1.0,192
question_types,Summarization,bm25,questions,R@3,0.126128472221875,0.0,0.2667297040234657,0.0,1.0,192
question_types,Summarization,bm25,questions,R@5,0.16796875,0.0,0.29917918572939806,0.0,1.0,192
question_types,Summarization,bm25,questions,R@10,0.23503224206302084,0.0,0.34780219612923113,0.0,1.0,192
question_types,Summarization,bm25,questions,nDCG@1,0.16666666666666666,0.0,0.3736523194714872,0.0,1.0,192
question_types,Summarization,bm25,questions,nDCG@3,0.14066246826041667,0.0,0.2796534314959723,0.0,1.0,192
question_types,Summarization,bm25,questions,nDCG@5,0.15503478166875,0.0,0.27924082267033234,0.0,1.0,192
question_types,Summarization,bm25,questions,nDCG@10,0.18399967905885417,0.0,0.29321448903751235,0.0,1.0,192
question_types,Summarization,bge,lastturn,R@1,0.1242187499984375,0.0,0.22289536033405277,0.0,1.0,192
question_types,Summarization,bge,lastturn,R@3,0.24131944444375,0.0,0.32574681873650757,0.0,1.0,192
question_types,Summarization,bge,lastturn,R@5,0.3161086309520833,0.225,0.3627398403393035,0.0,1.0,192
question_types,Summarization,bge,lastturn,R@10,0.4326884920640625,0.45,0.40287554914331086,0.0,1.0,192
question_types,Summarization,bge,lastturn,nDCG@1,0.3072916666666667,0.0,0.46257752522273143,0.0,1.0,192
question_types,Summarization,bge,lastturn,nDCG@3,0.27281278071927084,0.0,0.3503618044557398,0.0,1.0,192
question_types,Summarization,bge,lastturn,nDCG@5,0.2988449912234375,0.15957357725,0.3468700024054186,0.0,1.0,192
question_types,Summarization,bge,lastturn,nDCG@10,0.3468270174390625,0.2709885593,0.3470216289066453,0.0,1.0,192
question_types,Summarization,bge,rewrite,R@1,0.149218749996875,0.0,0.22185222365120183,0.0,1.0,192
question_types,Summarization,bge,rewrite,R@3,0.2796502976171875,0.2,0.32902465039006784,0.0,1.0,192
question_types,Summarization,bge,rewrite,R@5,0.35730406745989585,0.3333333333,0.3596302526544412,0.0,1.0,192
question_types,Summarization,bge,rewrite,R@10,0.5080977182541666,0.5,0.3961955987829651,0.0,1.0,192
question_types,Summarization,bge,rewrite,nDCG@1,0.3854166666666667,0.0,0.48796600316449107,0.0,1.0,192
question_types,Summarization,bge,rewrite,nDCG@3,0.32220012749791666,0.296081911,0.3511873643947683,0.0,1.0,192
question_types,Summarization,bge,rewrite,nDCG@5,0.3460707965661458,0.2800750168,0.3442373583821159,0.0,1.0,192
question_types,Summarization,bge,rewrite,nDCG@10,0.4106314982828125,0.39756540409999996,0.3414532382871648,0.0,1.0,192
question_types,Summarization,bge,questions,R@1,0.05503472222083333,0.0,0.14767186458480824,0.0,1.0,192
question_types,Summarization,bge,questions,R@3,0.14131944444270833,0.0,0.27153581647971553,0.0,1.0,192
question_types,Summarization,bge,questions,R@5,0.1833333333328125,0.0,0.3140912077652314,0.0,1.0,192
question_types,Summarization,bge,questions,R@10,0.26458333333333334,0.0,0.3700089617345428,0.0,1.0,192
question_types,Summarization,bge,questions,nDCG@1,0.14583333333333334,0.0,0.3538617669193156,0.0,1.0,192
question_types,Summarization,bge,questions,nDCG@3,0.1471592116234375,0.0,0.2769145368589602,0.0,1.0,192
question_types,Summarization,bge,questions,nDCG@5,0.16470706258854168,0.0,0.28730279402263503,0.0,1.0,192
question_types,Summarization,bge,questions,nDCG@10,0.19945450909947918,0.0,0.3030572180303211,0.0,1.0,192
question_types,Keyword,elser,lastturn,R@1,0.1726027397219178,0.0,0.25270710035728816,0.0,1.0,73
question_types,Keyword,elser,lastturn,R@3,0.34543378995342466,0.3333333333,0.36165834896365884,0.0,1.0,73
question_types,Keyword,elser,lastturn,R@5,0.43150684931643835,0.5,0.40479915805843386,0.0,1.0,73
question_types,Keyword,elser,lastturn,R@10,0.5449771689534246,0.6666666667,0.4358428485933155,0.0,1.0,73
question_types,Keyword,elser,lastturn,nDCG@1,0.410958904109589,0.0,0.49541274706484684,0.0,1.0,73
question_types,Keyword,elser,lastturn,nDCG@3,0.3762873754260274,0.3868528072,0.37462561941408157,0.0,1.0,73
question_types,Keyword,elser,lastturn,nDCG@5,0.40124719271643833,0.39038005,0.3740367746996077,0.0,1.0,73
question_types,Keyword,elser,lastturn,nDCG@10,0.45426218290684933,0.4838128832,0.38676122331494167,0.0,1.0,73
question_types,Keyword,elser,rewrite,R@1,0.15890410958767123,0.0,0.27036044458743524,0.0,1.0,73
question_types,Keyword,elser,rewrite,R@3,0.3148401826465753,0.3333333333,0.3548991515164835,0.0,1.0,73
question_types,Keyword,elser,rewrite,R@5,0.3945205479465753,0.3333333333,0.40101197985147796,0.0,1.0,73
question_types,Keyword,elser,rewrite,R@10,0.5463470319657534,0.6,0.415936829096533,0.0,1.0,73
question_types,Keyword,elser,rewrite,nDCG@1,0.3424657534246575,0.0,0.4778184825674966,0.0,1.0,73
question_types,Keyword,elser,rewrite,nDCG@3,0.33342786115616435,0.234639363,0.35946393808456184,0.0,1.0,73
question_types,Keyword,elser,rewrite,nDCG@5,0.35907593859863013,0.296081911,0.36418175861706065,0.0,1.0,73
question_types,Keyword,elser,rewrite,nDCG@10,0.42535752207671235,0.4118338404,0.3574527073506988,0.0,1.0,73
question_types,Keyword,elser,questions,R@1,0.05182648401780822,0.0,0.16739566595331085,0.0,1.0,73
question_types,Keyword,elser,questions,R@3,0.10593607305753425,0.0,0.22854494558477967,0.0,1.0,73
question_types,Keyword,elser,questions,R@5,0.1611872146109589,0.0,0.2978323798736945,0.0,1.0,73
question_types,Keyword,elser,questions,R@10,0.2059360730589041,0.0,0.3400409591234908,0.0,1.0,73
question_types,Keyword,elser,questions,nDCG@1,0.1095890410958904,0.0,0.3145386319505849,0.0,1.0,73
question_types,Keyword,elser,questions,nDCG@3,0.10851873283835616,0.0,0.2378119646736713,0.0,1.0,73
question_types,Keyword,elser,questions,nDCG@5,0.13232703937945206,0.0,0.2558162759951803,0.0,1.0,73
question_types,Keyword,elser,questions,nDCG@10,0.15201982947945206,0.0,0.26535191834931743,0.0,1.0,73
question_types,Keyword,bm25,lastturn,R@1,0.11050228310273973,0.0,0.23593959209948698,0.0,1.0,73
question_types,Keyword,bm25,lastturn,R@3,0.18105022830958903,0.0,0.29306957666058925,0.0,1.0,73
question_types,Keyword,bm25,lastturn,R@5,0.22420091324246574,0.0,0.33524959717829056,0.0,1.0,73
question_types,Keyword,bm25,lastturn,R@10,0.2913242009150685,0.0,0.3883439593731896,0.0,1.0,73
question_types,Keyword,bm25,lastturn,nDCG@1,0.2465753424657534,0.0,0.4340001893819421,0.0,1.0,73
question_types,Keyword,bm25,lastturn,nDCG@3,0.21080821253698628,0.0,0.32935262056856396,0.0,1.0,73
question_types,Keyword,bm25,lastturn,nDCG@5,0.22282280955753425,0.0,0.33263477012787457,0.0,1.0,73
question_types,Keyword,bm25,lastturn,nDCG@10,0.25092347879863014,0.0,0.3460148713167439,0.0,1.0,73
question_types,Keyword,bm25,rewrite,R@1,0.09589041095753424,0.0,0.2335115196257663,0.0,1.0,73
question_types,Keyword,bm25,rewrite,R@3,0.17146118721369863,0.0,0.3101358654395089,0.0,1.0,73
question_types,Keyword,bm25,rewrite,R@5,0.23698630136849314,0.0,0.3438979375876893,0.0,1.0,73
question_types,Keyword,bm25,rewrite,R@10,0.34566210045753426,0.0,0.4049751116176934,0.0,1.0,73
question_types,Keyword,bm25,rewrite,nDCG@1,0.1917808219178082,0.0,0.396426196247848,0.0,1.0,73
question_types,Keyword,bm25,rewrite,nDCG@3,0.18411923506712327,0.0,0.31539508901368407,0.0,1.0,73
question_types,Keyword,bm25,rewrite,nDCG@5,0.20793704167671231,0.0,0.30987878750487674,0.0,1.0,73
question_types,Keyword,bm25,rewrite,nDCG@10,0.25207575925479453,0.0,0.3219358570969465,0.0,1.0,73
question_types,Keyword,bm25,questions,R@1,0.042237442921917806,0.0,0.15285559108609675,0.0,1.0,73
question_types,Keyword,bm25,questions,R@3,0.10251141552328767,0.0,0.24885030753710372,0.0,1.0,73
question_types,Keyword,bm25,questions,R@5,0.15136986301369862,0.0,0.30527453522589854,0.0,1.0,73
question_types,Keyword,bm25,questions,R@10,0.17191780821780822,0.0,0.3198050707446678,0.0,1.0,73
question_types,Keyword,bm25,questions,nDCG@1,0.0958904109589041,0.0,0.29647857153426016,0.0,1.0,73
question_types,Keyword,bm25,questions,nDCG@3,0.10050677466438356,0.0,0.22603785425024756,0.0,1.0,73
question_types,Keyword,bm25,questions,nDCG@5,0.12163683851917809,0.0,0.2399424337225122,0.0,1.0,73
question_types,Keyword,bm25,questions,nDCG@10,0.13086906681095892,0.0,0.2478878985345673,0.0,1.0,73
question_types,Keyword,bge,lastturn,R@1,0.09109589040958904,0.0,0.2280669267650522,0.0,1.0,73
question_types,Keyword,bge,lastturn,R@3,0.17191780821780822,0.0,0.29859336784947743,0.0,1.0,73
question_types,Keyword,bge,lastturn,R@5,0.22557077625342464,0.0,0.3323490350668209,0.0,1.0,73
question_types,Keyword,bge,lastturn,R@10,0.3150684931506849,0.0,0.3833651796735376,0.0,1.0,73
question_types,Keyword,bge,lastturn,nDCG@1,0.1917808219178082,0.0,0.396426196247848,0.0,1.0,73
question_types,Keyword,bge,lastturn,nDCG@3,0.18146955830547945,0.0,0.3166489779276176,0.0,1.0,73
question_types,Keyword,bge,lastturn,nDCG@5,0.2009666572178082,0.0,0.3079721236610091,0.0,1.0,73
question_types,Keyword,bge,lastturn,nDCG@10,0.2429702404,0.0,0.3242167863596898,0.0,1.0,73
question_types,Keyword,bge,rewrite,R@1,0.1150684931479452,0.0,0.2214250350982123,0.0,1.0,73
question_types,Keyword,bge,rewrite,R@3,0.19817351597945204,0.0,0.3088904082176179,0.0,1.0,73
question_types,Keyword,bge,rewrite,R@5,0.28242009132328766,0.0,0.3471098752817429,0.0,1.0,73
question_types,Keyword,bge,rewrite,R@10,0.3954337899561644,0.3333333333,0.40216678057763033,0.0,1.0,73
question_types,Keyword,bge,rewrite,nDCG@1,0.273972602739726,0.0,0.44908159282778753,0.0,1.0,73
question_types,Keyword,bge,rewrite,nDCG@3,0.2211592088890411,0.0,0.3265090318349056,0.0,1.0,73
question_types,Keyword,bge,rewrite,nDCG@5,0.2549891091547945,0.0,0.3199657739103982,0.0,1.0,73
question_types,Keyword,bge,rewrite,nDCG@10,0.30302971531643835,0.1815417925,0.33370945025061677,0.0,1.0,73
question_types,Keyword,bge,questions,R@1,0.042237442921917806,0.0,0.1578228171177335,0.0,1.0,73
question_types,Keyword,bge,questions,R@3,0.06666666666575342,0.0,0.18400550179509362,0.0,1.0,73
question_types,Keyword,bge,questions,R@5,0.11506849314931507,0.0,0.2674924191766918,0.0,1.0,73
question_types,Keyword,bge,questions,R@10,0.17648401826438356,0.0,0.3338749721690613,0.0,1.0,73
question_types,Keyword,bge,questions,nDCG@1,0.0821917808219178,0.0,0.27655744116700276,0.0,1.0,73
question_types,Keyword,bge,questions,nDCG@3,0.07147875901643835,0.0,0.20040133994970266,0.0,1.0,73
question_types,Keyword,bge,questions,nDCG@5,0.09218328862465754,0.0,0.21564478276128388,0.0,1.0,73
question_types,Keyword,bge,questions,nDCG@10,0.11872472131232877,0.0,0.240802132793292,0.0,1.0,73
question_types,Non-Question,elser,lastturn,R@1,0.13647342994782607,0.0,0.265442585186463,0.0,1.0,69
question_types,Non-Question,elser,lastturn,R@3,0.28864734299130435,0.0,0.3560230214165892,0.0,1.0,69
question_types,Non-Question,elser,lastturn,R@5,0.38647342995217393,0.3333333333,0.4016843149913488,0.0,1.0,69
question_types,Non-Question,elser,lastturn,R@10,0.4661835748811594,0.5,0.43214364417996337,0.0,1.0,69
question_types,Non-Question,elser,lastturn,nDCG@1,0.2753623188405797,0.0,0.4499692136859278,0.0,1.0,69
question_types,Non-Question,elser,lastturn,nDCG@3,0.2946115378347826,0.0,0.3619554253732492,0.0,1.0,69
question_types,Non-Question,elser,lastturn,nDCG@5,0.3381296330188406,0.2640681226,0.36816558792880044,0.0,1.0,69
question_types,Non-Question,elser,lastturn,nDCG@10,0.3744292030188406,0.3333333333,0.3724212832633822,0.0,1.0,69
question_types,Non-Question,elser,rewrite,R@1,0.16183574878695653,0.0,0.26884984767859815,0.0,1.0,69
question_types,Non-Question,elser,rewrite,R@3,0.3345410627985507,0.3333333333,0.3616899201973861,0.0,1.0,69
question_types,Non-Question,elser,rewrite,R@5,0.4251207729478261,0.3333333333,0.39402837383259787,0.0,1.0,69
question_types,Non-Question,elser,rewrite,R@10,0.5483091787463769,0.6666666667,0.4192093488557156,0.0,1.0,69
question_types,Non-Question,elser,rewrite,nDCG@1,0.34782608695652173,0.0,0.479769765755401,0.0,1.0,69
question_types,Non-Question,elser,rewrite,nDCG@3,0.342801536957971,0.296081911,0.3593884907968741,0.0,1.0,69
question_types,Non-Question,elser,rewrite,nDCG@5,0.38325275146231885,0.296081911,0.36220997262150983,0.0,1.0,69
question_types,Non-Question,elser,rewrite,nDCG@10,0.43962599828550725,0.4632423659,0.369408476813233,0.0,1.0,69
question_types,Non-Question,elser,questions,R@1,0.0458937198057971,0.0,0.15820184935440582,0.0,1.0,69
question_types,Non-Question,elser,questions,R@3,0.1533816425115942,0.0,0.2948437565383318,0.0,1.0,69
question_types,Non-Question,elser,questions,R@5,0.21014492753478262,0.0,0.36565387522200454,0.0,1.0,69
question_types,Non-Question,elser,questions,R@10,0.2886473429942029,0.0,0.4103889112117025,0.0,1.0,69
question_types,Non-Question,elser,questions,nDCG@1,0.10144927536231885,0.0,0.30413462267999425,0.0,1.0,69
question_types,Non-Question,elser,questions,nDCG@3,0.14397539913043478,0.0,0.2813459841468312,0.0,1.0,69
question_types,Non-Question,elser,questions,nDCG@5,0.17126231009565218,0.0,0.30856070389264434,0.0,1.0,69
question_types,Non-Question,elser,questions,nDCG@10,0.20409376272028987,0.0,0.31481614327086427,0.0,1.0,69
question_types,Non-Question,bm25,lastturn,R@1,0.09782608695507246,0.0,0.22230435040891808,0.0,1.0,69
question_types,Non-Question,bm25,lastturn,R@3,0.16062801932173912,0.0,0.3174264751264324,0.0,1.0,69
question_types,Non-Question,bm25,lastturn,R@5,0.18961352656811595,0.0,0.35149193513845,0.0,1.0,69
question_types,Non-Question,bm25,lastturn,R@10,0.24879227052753622,0.0,0.3736338824419545,0.0,1.0,69
question_types,Non-Question,bm25,lastturn,nDCG@1,0.2028985507246377,0.0,0.40510384089716234,0.0,1.0,69
question_types,Non-Question,bm25,lastturn,nDCG@3,0.1722145108057971,0.0,0.3288734679017296,0.0,1.0,69
question_types,Non-Question,bm25,lastturn,nDCG@5,0.1826444845115942,0.0,0.3355918671013826,0.0,1.0,69
question_types,Non-Question,bm25,lastturn,nDCG@10,0.2079233283884058,0.0,0.3344469525600548,0.0,1.0,69
question_types,Non-Question,bm25,rewrite,R@1,0.1195652173884058,0.0,0.23065614919892755,0.0,1.0,69
question_types,Non-Question,bm25,rewrite,R@3,0.21739130434492754,0.0,0.3474984692514037,0.0,1.0,69
question_types,Non-Question,bm25,rewrite,R@5,0.2560386473405797,0.0,0.3666886247271661,0.0,1.0,69
question_types,Non-Question,bm25,rewrite,R@10,0.3164251207710145,0.0,0.40260074403659013,0.0,1.0,69
question_types,Non-Question,bm25,rewrite,nDCG@1,0.2608695652173913,0.0,0.4423258684646914,0.0,1.0,69
question_types,Non-Question,bm25,rewrite,nDCG@3,0.22823725162608696,0.0,0.35212454691946965,0.0,1.0,69
question_types,Non-Question,bm25,rewrite,nDCG@5,0.24256618320434783,0.0,0.3495886172935293,0.0,1.0,69
question_types,Non-Question,bm25,rewrite,nDCG@10,0.2683302661608696,0.0,0.35439489013733805,0.0,1.0,69
question_types,Non-Question,bm25,questions,R@1,0.04106280193188406,0.0,0.12832441113974208,0.0,0.5,69
question_types,Non-Question,bm25,questions,R@3,0.11835748792028986,0.0,0.263292763805391,0.0,1.0,69
question_types,Non-Question,bm25,questions,R@5,0.16304347825797103,0.0,0.2958159973536199,0.0,1.0,69
question_types,Non-Question,bm25,questions,R@10,0.2427536231869565,0.0,0.37040737003813773,0.0,1.0,69
question_types,Non-Question,bm25,questions,nDCG@1,0.10144927536231885,0.0,0.30413462267999425,0.0,1.0,69
question_types,Non-Question,bm25,questions,nDCG@3,0.11017906068985507,0.0,0.23312399588575025,0.0,1.0,69
question_types,Non-Question,bm25,questions,nDCG@5,0.12973921599565216,0.0,0.234341952194803,0.0,1.0,69
question_types,Non-Question,bm25,questions,nDCG@10,0.1633518752826087,0.0,0.25560803377893315,0.0,1.0,69
question_types,Non-Question,bge,lastturn,R@1,0.11473429951304348,0.0,0.24003908028214435,0.0,1.0,69
question_types,Non-Question,bge,lastturn,R@3,0.2318840579710145,0.0,0.3417651595319394,0.0,1.0,69
question_types,Non-Question,bge,lastturn,R@5,0.286231884057971,0.0,0.3686771587741642,0.0,1.0,69
question_types,Non-Question,bge,lastturn,R@10,0.3792270531391304,0.3333333333,0.4160623637155757,0.0,1.0,69
question_types,Non-Question,bge,lastturn,nDCG@1,0.2463768115942029,0.0,0.4340573661412156,0.0,1.0,69
question_types,Non-Question,bge,lastturn,nDCG@3,0.2384231281942029,0.0,0.34995315883053185,0.0,1.0,69
question_types,Non-Question,bge,lastturn,nDCG@5,0.2584976435521739,0.0,0.34324240927198996,0.0,1.0,69
question_types,Non-Question,bge,lastturn,nDCG@10,0.29959072694347827,0.2021073465,0.3540604433312513,0.0,1.0,69
question_types,Non-Question,bge,rewrite,R@1,0.1292270531347826,0.0,0.22302887128149637,0.0,1.0,69
question_types,Non-Question,bge,rewrite,R@3,0.28864734299275363,0.0,0.3473110145090662,0.0,1.0,69
question_types,Non-Question,bge,rewrite,R@5,0.3586956521753623,0.3333333333,0.3792795963699786,0.0,1.0,69
question_types,Non-Question,bge,rewrite,R@10,0.4867149758463768,0.5,0.41804262720058305,0.0,1.0,69
question_types,Non-Question,bge,rewrite,nDCG@1,0.3188405797101449,0.0,0.469441270623243,0.0,1.0,69
question_types,Non-Question,bge,rewrite,nDCG@3,0.2962377368130435,0.0,0.3489555550061989,0.0,1.0,69
question_types,Non-Question,bge,rewrite,nDCG@5,0.3221004093217391,0.234639363,0.34553221523106925,0.0,1.0,69
question_types,Non-Question,bge,rewrite,nDCG@10,0.3762771169594203,0.3333333333,0.34954751592945915,0.0,1.0,69
question_types,Non-Question,bge,questions,R@1,0.045893719804347824,0.0,0.1233851837526745,0.0,0.5,69
question_types,Non-Question,bge,questions,R@3,0.12801932367246377,0.0,0.27437529689165324,0.0,1.0,69
question_types,Non-Question,bge,questions,R@5,0.16666666666666666,0.0,0.32084447396140175,0.0,1.0,69
question_types,Non-Question,bge,questions,R@10,0.21014492753768116,0.0,0.3461413982435678,0.0,1.0,69
question_types,Non-Question,bge,questions,nDCG@1,0.13043478260869565,0.0,0.33924845477392546,0.0,1.0,69
question_types,Non-Question,bge,questions,nDCG@3,0.12173175653043478,0.0,0.26152343631091335,0.0,1.0,69
question_types,Non-Question,bge,questions,nDCG@5,0.14065341869565218,0.0,0.2839972133346027,0.0,1.0,69
question_types,Non-Question,bge,questions,nDCG@10,0.1577703200188406,0.0,0.2845091729465506,0.0,1.0,69
question_types,Comparative,elser,lastturn,R@1,0.15476190475681817,0.0,0.2277515055868592,0.0,1.0,44
question_types,Comparative,elser,lastturn,R@3,0.35384199133863636,0.3333333333,0.33555980671673075,0.0,1.0,44
question_types,Comparative,elser,lastturn,R@5,0.46125541125454544,0.5,0.3774539541981728,0.0,1.0,44
question_types,Comparative,elser,lastturn,R@10,0.5586038961022727,0.5,0.4033560419618439,0.0,1.0,44
question_types,Comparative,elser,lastturn,nDCG@1,0.38636363636363635,0.0,0.4925448434741561,0.0,1.0,44
question_types,Comparative,elser,lastturn,nDCG@3,0.3898718216409091,0.469278726,0.35497750769232994,0.0,1.0,44
question_types,Comparative,elser,lastturn,nDCG@5,0.4245943107363636,0.4414924137,0.3571275465802992,0.0,1.0,44
question_types,Comparative,elser,lastturn,nDCG@10,0.466031104875,0.51195969845,0.36402420362730126,0.0,1.0,44
question_types,Comparative,elser,rewrite,R@1,0.193181818175,0.08333333335,0.22858734192753058,0.0,1.0,44
question_types,Comparative,elser,rewrite,R@3,0.38901515151363636,0.3333333333,0.3558108108267408,0.0,1.0,44
question_types,Comparative,elser,rewrite,R@5,0.5267316017318182,0.5,0.3715495386266164,0.0,1.0,44
question_types,Comparative,elser,rewrite,R@10,0.6257034632022728,0.5833333333499999,0.37648704248411236,0.0,1.0,44
question_types,Comparative,elser,rewrite,nDCG@1,0.5,0.5,0.5057805388588732,0.0,1.0,44
question_types,Comparative,elser,rewrite,nDCG@3,0.4290741275431818,0.469278726,0.3673722567523708,0.0,1.0,44
question_types,Comparative,elser,rewrite,nDCG@5,0.4865161038,0.469278726,0.3574970795510924,0.0,1.0,44
question_types,Comparative,elser,rewrite,nDCG@10,0.5346367582704545,0.5858273895499999,0.3566292438033274,0.0,1.0,44
question_types,Comparative,elser,questions,R@1,0.08522727272272727,0.0,0.15511169222869703,0.0,0.5,44
question_types,Comparative,elser,questions,R@3,0.22483766233636363,0.0,0.30701358707472365,0.0,1.0,44
question_types,Comparative,elser,questions,R@5,0.3403679653681818,0.0,0.4096129582284846,0.0,1.0,44
question_types,Comparative,elser,questions,R@10,0.4345238095227273,0.3095238095,0.4577513887621381,0.0,1.0,44
question_types,Comparative,elser,questions,nDCG@1,0.25,0.0,0.4380187953915666,0.0,1.0,44
question_types,Comparative,elser,questions,nDCG@3,0.24182565529545455,0.0,0.31492100072664503,0.0,1.0,44
question_types,Comparative,elser,questions,nDCG@5,0.29168762292727274,0.0,0.35148988818338034,0.0,1.0,44
question_types,Comparative,elser,questions,nDCG@10,0.332779721325,0.2331306618,0.3645522828444875,0.0,1.0,44
question_types,Comparative,bm25,lastturn,R@1,0.045454545452272725,0.0,0.13139893475610356,0.0,0.5,44
question_types,Comparative,bm25,lastturn,R@3,0.15476190476363635,0.0,0.30371931993732376,0.0,1.0,44
question_types,Comparative,bm25,lastturn,R@5,0.1945346320340909,0.0,0.3235384913638835,0.0,1.0,44
question_types,Comparative,bm25,lastturn,R@10,0.3129329004318182,0.125,0.37426276129857267,0.0,1.0,44
question_types,Comparative,bm25,lastturn,nDCG@1,0.11363636363636363,0.0,0.32103822064055043,0.0,1.0,44
question_types,Comparative,bm25,lastturn,nDCG@3,0.15164643256363636,0.0,0.28939559029908846,0.0,1.0,44
question_types,Comparative,bm25,lastturn,nDCG@5,0.17035586128636362,0.0,0.29333791935195874,0.0,1.0,44
question_types,Comparative,bm25,lastturn,nDCG@10,0.2195940084590909,0.0678259867,0.29783513913161436,0.0,1.0,44
question_types,Comparative,bm25,rewrite,R@1,0.07575757575454545,0.0,0.15751848853097059,0.0,0.5,44
question_types,Comparative,bm25,rewrite,R@3,0.19696969697045455,0.0,0.31800558897240866,0.0,1.0,44
question_types,Comparative,bm25,rewrite,R@5,0.27218614718636364,0.0,0.3548151434005402,0.0,1.0,44
question_types,Comparative,bm25,rewrite,R@10,0.3740800865840909,0.3333333333,0.3880367089001084,0.0,1.0,44
question_types,Comparative,bm25,rewrite,nDCG@1,0.20454545454545456,0.0,0.40803245735839216,0.0,1.0,44
question_types,Comparative,bm25,rewrite,nDCG@3,0.20248247963181817,0.0,0.3240299398523826,0.0,1.0,44
question_types,Comparative,bm25,rewrite,nDCG@5,0.24025498740681817,0.0,0.3342491668404304,0.0,1.0,44
question_types,Comparative,bm25,rewrite,nDCG@10,0.28195014013863634,0.17050096939999998,0.335043513390893,0.0,1.0,44
question_types,Comparative,bm25,questions,R@1,0.08901515151136363,0.0,0.20285249989611476,0.0,1.0,44
question_types,Comparative,bm25,questions,R@3,0.17803030302954545,0.0,0.337469928362542,0.0,1.0,44
question_types,Comparative,bm25,questions,R@5,0.23051948051818183,0.0,0.3718642817128379,0.0,1.0,44
question_types,Comparative,bm25,questions,R@10,0.33414502164545457,0.125,0.4009280167114062,0.0,1.0,44
question_types,Comparative,bm25,questions,nDCG@1,0.20454545454545456,0.0,0.40803245735839216,0.0,1.0,44
question_types,Comparative,bm25,questions,nDCG@3,0.18369149815454544,0.0,0.33411504327831026,0.0,1.0,44
question_types,Comparative,bm25,questions,nDCG@5,0.21244432989772727,0.0,0.35028212986629303,0.0,1.0,44
question_types,Comparative,bm25,questions,nDCG@10,0.2558076891772727,0.05642257065,0.34646355748653984,0.0,1.0,44
question_types,Comparative,bge,lastturn,R@1,0.09604978354772727,0.0,0.1785879971468847,0.0,0.5,44
question_types,Comparative,bge,lastturn,R@3,0.18831168831136363,0.0,0.26507286436087735,0.0,1.0,44
question_types,Comparative,bge,lastturn,R@5,0.2826298701272727,0.14285714285,0.3317982289646822,0.0,1.0,44
question_types,Comparative,bge,lastturn,R@10,0.37943722943636365,0.3333333333,0.3863126795721267,0.0,1.0,44
question_types,Comparative,bge,lastturn,nDCG@1,0.25,0.0,0.4380187953915666,0.0,1.0,44
question_types,Comparative,bge,lastturn,nDCG@3,0.22641651532727272,0.0,0.3113767526225011,0.0,1.0,44
question_types,Comparative,bge,lastturn,nDCG@5,0.2665783893590909,0.09077089625,0.32003968035615643,0.0,1.0,44
question_types,Comparative,bge,lastturn,nDCG@10,0.30691528506818183,0.21025739165000001,0.33354642891767633,0.0,1.0,44
question_types,Comparative,bge,rewrite,R@1,0.10741341991136363,0.0,0.18099114807600766,0.0,0.5,44
question_types,Comparative,bge,rewrite,R@3,0.26866883117045454,0.25,0.2928510399158425,0.0,1.0,44
question_types,Comparative,bge,rewrite,R@5,0.40275974026363637,0.4642857143,0.3691142165425354,0.0,1.0,44
question_types,Comparative,bge,rewrite,R@10,0.5204004329,0.5,0.39398539211313355,0.0,1.0,44
question_types,Comparative,bge,rewrite,nDCG@1,0.29545454545454547,0.0,0.4615215208036402,0.0,1.0,44
question_types,Comparative,bge,rewrite,nDCG@3,0.30642173325,0.296081911,0.32891877590564567,0.0,1.0,44
question_types,Comparative,bge,rewrite,nDCG@5,0.3599352001068182,0.3852509731,0.3296511804356189,0.0,1.0,44
question_types,Comparative,bge,rewrite,nDCG@10,0.40838554829090906,0.4360844859,0.32952937643164787,0.0,1.0,44
question_types,Comparative,bge,questions,R@1,0.05113636363409091,0.0,0.13475011456137648,0.0,0.5,44
question_types,Comparative,bge,questions,R@3,0.12878787878636364,0.0,0.21450512833640334,0.0,0.6666666667,44
question_types,Comparative,bge,questions,R@5,0.2291666666681818,0.0,0.3517788865392482,0.0,1.0,44
question_types,Comparative,bge,questions,R@10,0.2992424242409091,0.0,0.39510824319861143,0.0,1.0,44
question_types,Comparative,bge,questions,nDCG@1,0.13636363636363635,0.0,0.3471417571787742,0.0,1.0,44
question_types,Comparative,bge,questions,nDCG@3,0.13963337424545455,0.0,0.23975885926582824,0.0,0.765360637,44
question_types,Comparative,bge,questions,nDCG@5,0.19177730300454546,0.0,0.3029275833966726,0.0,0.9674679835,44
question_types,Comparative,bge,questions,nDCG@10,0.2219263535909091,0.0,0.3115265473704021,0.0,0.9674679835,44
question_types,Factoid,elser,lastturn,R@1,0.17021164020862745,0.0,0.2604017514248986,0.0,1.0,255
question_types,Factoid,elser,lastturn,R@3,0.3202925614670588,0.25,0.3650203002567918,0.0,1.0,255
question_types,Factoid,elser,lastturn,R@5,0.41402738873294115,0.3333333333,0.4009954868186949,0.0,1.0,255
question_types,Factoid,elser,lastturn,R@10,0.5147805788984313,0.5,0.43016249425708425,0.0,1.0,255
question_types,Factoid,elser,lastturn,nDCG@1,0.38823529411764707,0.0,0.48830699764213026,0.0,1.0,255
question_types,Factoid,elser,lastturn,nDCG@3,0.3523630272070588,0.296081911,0.38059391297957873,0.0,1.0,255
question_types,Factoid,elser,lastturn,nDCG@5,0.3867356981188235,0.3868528072,0.3753915749955144,0.0,1.0,255
question_types,Factoid,elser,lastturn,nDCG@10,0.42955945319764705,0.4367467095,0.37922095828775326,0.0,1.0,255
question_types,Factoid,elser,rewrite,R@1,0.18243386243058823,0.0,0.2632468815318098,0.0,1.0,255
question_types,Factoid,elser,rewrite,R@3,0.3596327419839216,0.3333333333,0.3780961574946244,0.0,1.0,255
question_types,Factoid,elser,rewrite,R@5,0.46546529722941177,0.5,0.4001538998834518,0.0,1.0,255
question_types,Factoid,elser,rewrite,R@10,0.5991316526619608,0.6666666667,0.4054375545486896,0.0,1.0,255
question_types,Factoid,elser,rewrite,nDCG@1,0.42745098039215684,0.0,0.49568152056709985,0.0,1.0,255
question_types,Factoid,elser,rewrite,nDCG@3,0.39013812103333334,0.3065735964,0.3852580128984935,0.0,1.0,255
question_types,Factoid,elser,rewrite,nDCG@5,0.4295687793545098,0.39038005,0.37475839767519425,0.0,1.0,255
question_types,Factoid,elser,rewrite,nDCG@10,0.4855867725635294,0.4911492932,0.36438918593127045,0.0,1.0,255
question_types,Factoid,elser,questions,R@1,0.08771241829882352,0.0,0.20380618204502637,0.0,1.0,255
question_types,Factoid,elser,questions,R@3,0.21150326797294117,0.0,0.34320125490372033,0.0,1.0,255
question_types,Factoid,elser,questions,R@5,0.2803081232494118,0.0,0.3856070020683905,0.0,1.0,255
question_types,Factoid,elser,questions,R@10,0.36855275443568625,0.1666666667,0.41985166497258825,0.0,1.0,255
question_types,Factoid,elser,questions,nDCG@1,0.2,0.0,0.4007866280951031,0.0,1.0,255
question_types,Factoid,elser,questions,nDCG@3,0.2132997444654902,0.0,0.33688990409666664,0.0,1.0,255
question_types,Factoid,elser,questions,nDCG@5,0.24221876783411764,0.0,0.34155981663965523,0.0,1.0,255
question_types,Factoid,elser,questions,nDCG@10,0.27921876648941174,0.1128451413,0.34640285020237316,0.0,1.0,255
question_types,Factoid,bm25,lastturn,R@1,0.08143790849529411,0.0,0.2003215425976339,0.0,1.0,255
question_types,Factoid,bm25,lastturn,R@3,0.16341736694588235,0.0,0.2994606346731232,0.0,1.0,255
question_types,Factoid,bm25,lastturn,R@5,0.21153750389019607,0.0,0.33893872309763684,0.0,1.0,255
question_types,Factoid,bm25,lastturn,R@10,0.2764519140984314,0.0,0.36721629530862104,0.0,1.0,255
question_types,Factoid,bm25,lastturn,nDCG@1,0.1843137254901961,0.0,0.3885023480201483,0.0,1.0,255
question_types,Factoid,bm25,lastturn,nDCG@3,0.17564011333294116,0.0,0.308079626548194,0.0,1.0,255
question_types,Factoid,bm25,lastturn,nDCG@5,0.19295067820784315,0.0,0.311143428174469,0.0,1.0,255
question_types,Factoid,bm25,lastturn,nDCG@10,0.22014473654901962,0.0,0.317636670686161,0.0,1.0,255
question_types,Factoid,bm25,rewrite,R@1,0.08529411764509803,0.0,0.20065637750166124,0.0,1.0,255
question_types,Factoid,bm25,rewrite,R@3,0.19132586367686275,0.0,0.31183779715645993,0.0,1.0,255
question_types,Factoid,bm25,rewrite,R@5,0.2531932773098039,0.0,0.3522270523756151,0.0,1.0,255
question_types,Factoid,bm25,rewrite,R@10,0.33372549019607844,0.25,0.37432028978423887,0.0,1.0,255
question_types,Factoid,bm25,rewrite,nDCG@1,0.2,0.0,0.4007866280951031,0.0,1.0,255
question_types,Factoid,bm25,rewrite,nDCG@3,0.2001594149945098,0.0,0.31160061823605734,0.0,1.0,255
question_types,Factoid,bm25,rewrite,nDCG@5,0.22227964010117646,0.0,0.3112899636011009,0.0,1.0,255
question_types,Factoid,bm25,rewrite,nDCG@10,0.25511776914509804,0.1356519734,0.310791910444765,0.0,1.0,255
question_types,Factoid,bm25,questions,R@1,0.06507625272235294,0.0,0.177840000988518,0.0,1.0,255
question_types,Factoid,bm25,questions,R@3,0.15227513227529413,0.0,0.29831669042514336,0.0,1.0,255
question_types,Factoid,bm25,questions,R@5,0.19404917522588236,0.0,0.3268176071732603,0.0,1.0,255
question_types,Factoid,bm25,questions,R@10,0.25544039838274507,0.0,0.3591960231834632,0.0,1.0,255
question_types,Factoid,bm25,questions,nDCG@1,0.15294117647058825,0.0,0.36063861837246797,0.0,1.0,255
question_types,Factoid,bm25,questions,nDCG@3,0.15851810827019608,0.0,0.29741676599426836,0.0,1.0,255
question_types,Factoid,bm25,questions,nDCG@5,0.17332378182509803,0.0,0.2958987358445902,0.0,1.0,255
question_types,Factoid,bm25,questions,nDCG@10,0.19906117209529411,0.0,0.29952325393037127,0.0,1.0,255
question_types,Factoid,bge,lastturn,R@1,0.1268347338917647,0.0,0.22963786618671544,0.0,1.0,255
question_types,Factoid,bge,lastturn,R@3,0.2610986616854902,0.0,0.3574463428068891,0.0,1.0,255
question_types,Factoid,bge,lastturn,R@5,0.3158792405839216,0.1111111111,0.37539195013173304,0.0,1.0,255
question_types,Factoid,bge,lastturn,R@10,0.4012542794894118,0.3333333333,0.40608518293298695,0.0,1.0,255
question_types,Factoid,bge,lastturn,nDCG@1,0.29411764705882354,0.0,0.4565411576455765,0.0,1.0,255
question_types,Factoid,bge,lastturn,nDCG@3,0.27927344563372547,0.0,0.3665707556224219,0.0,1.0,255
question_types,Factoid,bge,lastturn,nDCG@5,0.2973751812196078,0.1312050775,0.35785263470093837,0.0,1.0,255
question_types,Factoid,bge,lastturn,nDCG@10,0.33239890362941177,0.2021073465,0.3611070133634745,0.0,1.0,255
question_types,Factoid,bge,rewrite,R@1,0.16269530033921567,0.0,0.2464238391622629,0.0,1.0,255
question_types,Factoid,bge,rewrite,R@3,0.3206193588533333,0.25,0.36381499272920753,0.0,1.0,255
question_types,Factoid,bge,rewrite,R@5,0.3850420168062745,0.3333333333,0.38627427417093885,0.0,1.0,255
question_types,Factoid,bge,rewrite,R@10,0.4821910986627451,0.5,0.4044909128858436,0.0,1.0,255
question_types,Factoid,bge,rewrite,nDCG@1,0.3843137254901961,0.0,0.4873892157665318,0.0,1.0,255
question_types,Factoid,bge,rewrite,nDCG@3,0.3468141099090196,0.234639363,0.37527801351431894,0.0,1.0,255
question_types,Factoid,bge,rewrite,nDCG@5,0.36777110765921567,0.3065735964,0.3697876041910894,0.0,1.0,255
question_types,Factoid,bge,rewrite,nDCG@10,0.40701158740039217,0.3868528072,0.3643292899023699,0.0,1.0,255
question_types,Factoid,bge,questions,R@1,0.06572362278117647,0.0,0.172239766401839,0.0,1.0,255
question_types,Factoid,bge,questions,R@3,0.18471521942039215,0.0,0.33180914927211214,0.0,1.0,255
question_types,Factoid,bge,questions,R@5,0.22929038281843137,0.0,0.3570957270811316,0.0,1.0,255
question_types,Factoid,bge,questions,R@10,0.31676003734823527,0.0,0.39425039578391724,0.0,1.0,255
question_types,Factoid,bge,questions,nDCG@1,0.1568627450980392,0.0,0.36438649873040263,0.0,1.0,255
question_types,Factoid,bge,questions,nDCG@3,0.1830018795172549,0.0,0.3240024547391522,0.0,1.0,255
question_types,Factoid,bge,questions,nDCG@5,0.2007353938043137,0.0,0.3237980884333373,0.0,1.0,255
question_types,Factoid,bge,questions,nDCG@10,0.2362784960572549,0.0,0.32639581601667467,0.0,1.0,255
question_types,Composite,elser,lastturn,R@1,0.1887755102020408,0.0,0.2312252928490415,0.0,1.0,49
question_types,Composite,elser,lastturn,R@3,0.4071428571408163,0.3333333333,0.35825257488197737,0.0,1.0,49
question_types,Composite,elser,lastturn,R@5,0.5047619047632653,0.5,0.40132881134632414,0.0,1.0,49
question_types,Composite,elser,lastturn,R@10,0.6459183673469387,1.0,0.4215344903223302,0.0,1.0,49
question_types,Composite,elser,lastturn,nDCG@1,0.4897959183673469,0.0,0.5050762722761054,0.0,1.0,49
question_types,Composite,elser,lastturn,nDCG@3,0.4639179740244898,0.530721274,0.3907401434458047,0.0,1.0,49
question_types,Composite,elser,lastturn,nDCG@5,0.4863891867163265,0.5437713092,0.38553474547272965,0.0,1.0,49
question_types,Composite,elser,lastturn,nDCG@10,0.543085227,0.6131471928,0.3824989185953861,0.0,1.0,49
question_types,Composite,elser,rewrite,R@1,0.2108843537387755,0.1666666667,0.23576488553977007,0.0,1.0,49
question_types,Composite,elser,rewrite,R@3,0.46088435374285713,0.5,0.3527758806908345,0.0,1.0,49
question_types,Composite,elser,rewrite,R@5,0.5731292517,0.5,0.3602952802454156,0.0,1.0,49
question_types,Composite,elser,rewrite,R@10,0.7503401360551021,1.0,0.3106983210660959,0.0,1.0,49
question_types,Composite,elser,rewrite,nDCG@1,0.5306122448979592,1.0,0.5042337758225565,0.0,1.0,49
question_types,Composite,elser,rewrite,nDCG@3,0.5136475570428571,0.6131471928,0.382286694048405,0.0,1.0,49
question_types,Composite,elser,rewrite,nDCG@5,0.5482512849979592,0.6131471928,0.3505983255970724,0.0,1.0,49
question_types,Composite,elser,rewrite,nDCG@10,0.622426064955102,0.6432558215,0.3162560102141157,0.0,1.0,49
question_types,Composite,elser,questions,R@1,0.08163265306122448,0.0,0.16622319116619086,0.0,0.5,49
question_types,Composite,elser,questions,R@3,0.2414965986387755,0.0,0.35569315559533576,0.0,1.0,49
question_types,Composite,elser,questions,R@5,0.3142857142857143,0.0,0.4032707710876867,0.0,1.0,49
question_types,Composite,elser,questions,R@10,0.4578231292510204,0.3333333333,0.44437198247127874,0.0,1.0,49
question_types,Composite,elser,questions,nDCG@1,0.22448979591836735,0.0,0.42156979070537554,0.0,1.0,49
question_types,Composite,elser,questions,nDCG@3,0.263938741344898,0.0,0.3820583543533031,0.0,1.0,49
question_types,Composite,elser,questions,nDCG@5,0.2891356206408163,0.0,0.38626826069014825,0.0,1.0,49
question_types,Composite,elser,questions,nDCG@10,0.34648182524081633,0.2043823976,0.38306594706559094,0.0,1.0,49
question_types,Composite,bm25,lastturn,R@1,0.10544217686938775,0.0,0.18064274887252996,0.0,0.5,49
question_types,Composite,bm25,lastturn,R@3,0.18027210884285713,0.0,0.2653542676835751,0.0,1.0,49
question_types,Composite,bm25,lastturn,R@5,0.2653061224489796,0.0,0.3194475253750077,0.0,1.0,49
question_types,Composite,bm25,lastturn,R@10,0.37551020407755104,0.3333333333,0.39858113574072285,0.0,1.0,49
question_types,Composite,bm25,lastturn,nDCG@1,0.2857142857142857,0.0,0.45643546458763845,0.0,1.0,49
question_types,Composite,bm25,lastturn,nDCG@3,0.22604546223265307,0.0,0.3254217162060794,0.0,1.0,49
question_types,Composite,bm25,lastturn,nDCG@5,0.2578231401346939,0.0,0.3191411172192553,0.0,1.0,49
question_types,Composite,bm25,lastturn,nDCG@10,0.3008986123510204,0.1845756968,0.3385180391690994,0.0,1.0,49
question_types,Composite,bm25,rewrite,R@1,0.08333333333265305,0.0,0.160475277890411,0.0,0.5,49
question_types,Composite,bm25,rewrite,R@3,0.1836734693877551,0.0,0.25400700349365113,0.0,1.0,49
question_types,Composite,bm25,rewrite,R@5,0.2653061224469388,0.1666666667,0.3135046210058263,0.0,1.0,49
question_types,Composite,bm25,rewrite,R@10,0.4098639455755102,0.3333333333,0.37992016655524696,0.0,1.0,49
question_types,Composite,bm25,rewrite,nDCG@1,0.24489795918367346,0.0,0.4344830378784443,0.0,1.0,49
question_types,Composite,bm25,rewrite,nDCG@3,0.21478618376734693,0.0,0.2963552769621149,0.0,1.0,49
question_types,Composite,bm25,rewrite,nDCG@5,0.24423202448163264,0.1460683498,0.29955405178856387,0.0,1.0,49
question_types,Composite,bm25,rewrite,nDCG@10,0.30286924447959185,0.2184074368,0.3093667977227533,0.0,1.0,49
question_types,Composite,bm25,questions,R@1,0.06972789115714285,0.0,0.15247470454217774,0.0,0.5,49
question_types,Composite,bm25,questions,R@3,0.13435374149591836,0.0,0.2404521243668197,0.0,1.0,49
question_types,Composite,bm25,questions,R@5,0.19557823129387755,0.0,0.2899508161979473,0.0,1.0,49
question_types,Composite,bm25,questions,R@10,0.31768707482857145,0.0,0.39214521833142774,0.0,1.0,49
question_types,Composite,bm25,questions,nDCG@1,0.20408163265306123,0.0,0.40720550896397784,0.0,1.0,49
question_types,Composite,bm25,questions,nDCG@3,0.16956572049795918,0.0,0.2974981545718758,0.0,1.0,49
question_types,Composite,bm25,questions,nDCG@5,0.19111739498163266,0.0,0.29197484067317847,0.0,1.0,49
question_types,Composite,bm25,questions,nDCG@10,0.2420274462734694,0.0,0.31802389368044476,0.0,1.0,49
question_types,Composite,bge,lastturn,R@1,0.18707482993061225,0.0,0.23107201123261345,0.0,1.0,49
question_types,Composite,bge,lastturn,R@3,0.336734693877551,0.25,0.37032548858885384,0.0,1.0,49
question_types,Composite,bge,lastturn,R@5,0.41496598639183674,0.3333333333,0.38993774577498097,0.0,1.0,49
question_types,Composite,bge,lastturn,R@10,0.5472789115612244,0.5,0.4051655317135236,0.0,1.0,49
question_types,Composite,bge,lastturn,nDCG@1,0.4897959183673469,0.0,0.5050762722761054,0.0,1.0,49
question_types,Composite,bge,lastturn,nDCG@3,0.4024225140897959,0.3065735964,0.4139406670070374,0.0,1.0,49
question_types,Composite,bge,lastturn,nDCG@5,0.41952502662857144,0.469278726,0.3903722810714042,0.0,1.0,49
question_types,Composite,bge,lastturn,nDCG@10,0.47545162945510205,0.469278726,0.37779703143511073,0.0,1.0,49
question_types,Composite,bge,rewrite,R@1,0.20068027210612244,0.1666666667,0.23442105556260429,0.0,1.0,49
question_types,Composite,bge,rewrite,R@3,0.36904761904489797,0.3333333333,0.32587133907462773,0.0,1.0,49
question_types,Composite,bge,rewrite,R@5,0.455782312922449,0.5,0.35563504461774503,0.0,1.0,49
question_types,Composite,bge,rewrite,R@10,0.5948979591816327,0.5,0.3716860371423177,0.0,1.0,49
question_types,Composite,bge,rewrite,nDCG@1,0.5102040816326531,1.0,0.5050762722761054,0.0,1.0,49
question_types,Composite,bge,rewrite,nDCG@3,0.4282531153306122,0.469278726,0.3529335000168402,0.0,1.0,49
question_types,Composite,bge,rewrite,nDCG@5,0.4553358271040816,0.469278726,0.346935750013774,0.0,1.0,49
question_types,Composite,bge,rewrite,nDCG@10,0.5148647137061224,0.570641719,0.334281975260601,0.0,1.0,49
question_types,Composite,bge,questions,R@1,0.07823129251632653,0.0,0.16615212524073944,0.0,0.5,49
question_types,Composite,bge,questions,R@3,0.18877551020612246,0.0,0.29006280759945385,0.0,1.0,49
question_types,Composite,bge,questions,R@5,0.2636054421795918,0.0,0.33261508502386183,0.0,1.0,49
question_types,Composite,bge,questions,R@10,0.37891156462244896,0.3333333333,0.388265008150448,0.0,1.0,49
question_types,Composite,bge,questions,nDCG@1,0.20408163265306123,0.0,0.40720550896397784,0.0,1.0,49
question_types,Composite,bge,questions,nDCG@3,0.21306021179183673,0.0,0.32967022288514214,0.0,1.0,49
question_types,Composite,bge,questions,nDCG@5,0.24537587285714285,0.0,0.32207170338458835,0.0,1.0,49
question_types,Composite,bge,questions,nDCG@10,0.2952860793244898,0.2021073465,0.34132188490901244,0.0,1.0,49
question_types,Troubleshooting,elser,lastturn,R@1,0.38333333332666664,0.3333333333,0.41761796166529547,0.0,1.0,15
question_types,Troubleshooting,elser,lastturn,R@3,0.6388888888933333,0.6666666667,0.3904447335397698,0.0,1.0,15
question_types,Troubleshooting,elser,lastturn,R@5,0.7055555555533334,1.0,0.4188829943608781,0.0,1.0,15
question_types,Troubleshooting,elser,lastturn,R@10,0.7055555555533334,1.0,0.4188829943608781,0.0,1.0,15
question_types,Troubleshooting,elser,lastturn,nDCG@1,0.6,1.0,0.50709255283711,0.0,1.0,15
question_types,Troubleshooting,elser,lastturn,nDCG@3,0.6271188050666666,0.765360637,0.4066412867268608,0.0,1.0,15
question_types,Troubleshooting,elser,lastturn,nDCG@5,0.6535896980866667,0.8854598816,0.41816712831603275,0.0,1.0,15
question_types,Troubleshooting,elser,lastturn,nDCG@10,0.6535896980866667,0.8854598816,0.41816712831603275,0.0,1.0,15
question_types,Troubleshooting,elser,rewrite,R@1,0.27777777777333335,0.0,0.40662503039457154,0.0,1.0,15
question_types,Troubleshooting,elser,rewrite,R@3,0.57222222222,0.6666666667,0.4486163324705629,0.0,1.0,15
question_types,Troubleshooting,elser,rewrite,R@5,0.6111111111066667,1.0,0.45279847065675977,0.0,1.0,15
question_types,Troubleshooting,elser,rewrite,R@10,0.7388888888866667,1.0,0.42124469130069897,0.0,1.0,15
question_types,Troubleshooting,elser,rewrite,nDCG@1,0.4,0.0,0.50709255283711,0.0,1.0,15
question_types,Troubleshooting,elser,rewrite,nDCG@3,0.5195053854133334,0.6309297536,0.42522344461321765,0.0,1.0,15
question_types,Troubleshooting,elser,rewrite,nDCG@5,0.5397285482466667,0.6309297536,0.4334670409905013,0.0,1.0,15
question_types,Troubleshooting,elser,rewrite,nDCG@10,0.5946414332733333,0.6309297536,0.39662413392320917,0.0,1.0,15
question_types,Troubleshooting,elser,questions,R@1,0.14444444443999999,0.0,0.2877572463074281,0.0,1.0,15
question_types,Troubleshooting,elser,questions,R@3,0.2888888888933333,0.0,0.4340043644520021,0.0,1.0,15
question_types,Troubleshooting,elser,questions,R@5,0.3333333333333333,0.0,0.4879500364742666,0.0,1.0,15
question_types,Troubleshooting,elser,questions,R@10,0.4666666666666667,0.0,0.5163977794943223,0.0,1.0,15
question_types,Troubleshooting,elser,questions,nDCG@1,0.26666666666666666,0.0,0.45773770821706344,0.0,1.0,15
question_types,Troubleshooting,elser,questions,nDCG@3,0.2733472319733333,0.0,0.4104500401350384,0.0,1.0,15
question_types,Troubleshooting,elser,questions,nDCG@5,0.30029487817333333,0.0,0.44739671872728837,0.0,1.0,15
question_types,Troubleshooting,elser,questions,nDCG@10,0.34473932261333334,0.0,0.4304891699888426,0.0,1.0,15
question_types,Troubleshooting,bm25,lastturn,R@1,0.23888888888666668,0.0,0.4068689322642837,0.0,1.0,15
question_types,Troubleshooting,bm25,lastturn,R@3,0.35555555555333335,0.0,0.44035819955514593,0.0,1.0,15
question_types,Troubleshooting,bm25,lastturn,R@5,0.4111111111133333,0.0,0.47503828862797215,0.0,1.0,15
question_types,Troubleshooting,bm25,lastturn,R@10,0.43333333333333335,0.0,0.4952152009360125,0.0,1.0,15
question_types,Troubleshooting,bm25,lastturn,nDCG@1,0.3333333333333333,0.0,0.4879500364742666,0.0,1.0,15
question_types,Troubleshooting,bm25,lastturn,nDCG@3,0.34071334433333333,0.0,0.41973624180489083,0.0,1.0,15
question_types,Troubleshooting,bm25,lastturn,nDCG@5,0.36757377680000003,0.0,0.44196598340525795,0.0,1.0,15
question_types,Troubleshooting,bm25,lastturn,nDCG@10,0.3780021929333333,0.0,0.4513916061504574,0.0,1.0,15
question_types,Troubleshooting,bm25,rewrite,R@1,0.36666666666,0.3333333333,0.4281744192893937,0.0,1.0,15
question_types,Troubleshooting,bm25,rewrite,R@3,0.47777777777999997,0.5,0.44927925820622816,0.0,1.0,15
question_types,Troubleshooting,bm25,rewrite,R@5,0.57777777778,0.6666666667,0.45802659288384456,0.0,1.0,15
question_types,Troubleshooting,bm25,rewrite,R@10,0.67777777778,1.0,0.44750927394244844,0.0,1.0,15
question_types,Troubleshooting,bm25,rewrite,nDCG@1,0.5333333333333333,1.0,0.5163977794943223,0.0,1.0,15
question_types,Troubleshooting,bm25,rewrite,nDCG@3,0.47474612336,0.6131471928,0.4313175399744915,0.0,1.0,15
question_types,Troubleshooting,bm25,rewrite,nDCG@5,0.5296097365866667,0.6309297536,0.43741677107976595,0.0,1.0,15
question_types,Troubleshooting,bm25,rewrite,nDCG@10,0.5718326952266667,0.6713860725,0.42014501312413105,0.0,1.0,15
question_types,Troubleshooting,bm25,questions,R@1,0.11111111110666666,0.0,0.2721655269720206,0.0,1.0,15
question_types,Troubleshooting,bm25,questions,R@3,0.17777777777333334,0.0,0.3533662757907769,0.0,1.0,15
question_types,Troubleshooting,bm25,questions,R@5,0.26666666666666666,0.0,0.42163702135766623,0.0,1.0,15
question_types,Troubleshooting,bm25,questions,R@10,0.3,0.0,0.41880404176465713,0.0,1.0,15
question_types,Troubleshooting,bm25,questions,nDCG@1,0.2,0.0,0.4140393356054125,0.0,1.0,15
question_types,Troubleshooting,bm25,questions,nDCG@3,0.17129914704,0.0,0.31604321954448955,0.0,1.0,15
question_types,Troubleshooting,bm25,questions,nDCG@5,0.20919212036,0.0,0.3311341085909521,0.0,1.0,15
question_types,Troubleshooting,bm25,questions,nDCG@10,0.22100807281333334,0.0,0.3262626636380408,0.0,1.0,15
question_types,Troubleshooting,bge,lastturn,R@1,0.23888888888666668,0.0,0.4068689322642837,0.0,1.0,15
question_types,Troubleshooting,bge,lastturn,R@3,0.42777777778,0.5,0.44417154320093194,0.0,1.0,15
question_types,Troubleshooting,bge,lastturn,R@5,0.47222222222,0.5,0.44950001618567925,0.0,1.0,15
question_types,Troubleshooting,bge,lastturn,R@10,0.49444444444,0.5,0.43240131761181516,0.0,1.0,15
question_types,Troubleshooting,bge,lastturn,nDCG@1,0.3333333333333333,0.0,0.4879500364742666,0.0,1.0,15
question_types,Troubleshooting,bge,lastturn,nDCG@3,0.40598111961333333,0.3065735964,0.44361998544905834,0.0,1.0,15
question_types,Troubleshooting,bge,lastturn,nDCG@5,0.41897818952666666,0.3065735964,0.43343869217322334,0.0,1.0,15
question_types,Troubleshooting,bge,lastturn,nDCG@10,0.43012221986,0.3065735964,0.4239418765047974,0.0,1.0,15
question_types,Troubleshooting,bge,rewrite,R@1,0.19444444444,0.0,0.35026445035695875,0.0,1.0,15
question_types,Troubleshooting,bge,rewrite,R@3,0.48333333334,0.6666666667,0.4343851703190329,0.0,1.0,15
question_types,Troubleshooting,bge,rewrite,R@5,0.5166666666733333,0.6666666667,0.4133198922571671,0.0,1.0,15
question_types,Troubleshooting,bge,rewrite,R@10,0.5388888888933333,0.6666666667,0.43056195591902313,0.0,1.0,15
question_types,Troubleshooting,bge,rewrite,nDCG@1,0.3333333333333333,0.0,0.4879500364742666,0.0,1.0,15
question_types,Troubleshooting,bge,rewrite,nDCG@3,0.4337993703733333,0.530721274,0.4088372095380161,0.0,1.0,15
question_types,Troubleshooting,bge,rewrite,nDCG@5,0.43840404880666667,0.530721274,0.3806105434836467,0.0,1.0,15
question_types,Troubleshooting,bge,rewrite,nDCG@10,0.44954807913333333,0.6309297536,0.3859167893816743,0.0,1.0,15
question_types,Troubleshooting,bge,questions,R@1,0.11111111110666666,0.0,0.2721655269720206,0.0,1.0,15
question_types,Troubleshooting,bge,questions,R@3,0.21111111110666667,0.0,0.3589372909504038,0.0,1.0,15
question_types,Troubleshooting,bge,questions,R@5,0.25555555556,0.0,0.3927248454538108,0.0,1.0,15
question_types,Troubleshooting,bge,questions,R@10,0.25555555556,0.0,0.3927248454538108,0.0,1.0,15
question_types,Troubleshooting,bge,questions,nDCG@1,0.2,0.0,0.4140393356054125,0.0,1.0,15
question_types,Troubleshooting,bge,questions,nDCG@3,0.1917373868,0.0,0.3140810162642709,0.0,1.0,15
question_types,Troubleshooting,bge,questions,nDCG@5,0.21731399607333335,0.0,0.3441351205169193,0.0,1.0,15
question_types,Troubleshooting,bge,questions,nDCG@10,0.21731399607333335,0.0,0.3441351205169193,0.0,1.0,15
